comparison,model,wins,losses,ties,invalid,valid_non_tie_pairs,win_rate,ci_low,ci_high
sft_vs_ppo,sft,3,4,1,2,7,0.42857142857142855,0.15821692226262685,0.7495457695909742
sft_vs_ppo,ppo_hh,4,3,1,2,7,0.5714285714285714,0.2504542304090258,0.8417830777373732
sft_vs_dpo,sft,6,0,2,2,6,1.0,0.6096569663469354,0.9999999999999999
sft_vs_dpo,dpo_hh,0,6,2,2,6,0.0,0.0,0.3903430336530645
ppo_vs_dpo,ppo_hh,6,0,1,3,6,1.0,0.6096569663469354,0.9999999999999999
ppo_vs_dpo,dpo_hh,0,6,1,3,6,0.0,0.0,0.3903430336530645
